n_trades,mean_ret_pct,win_rate,t_stat,p_value,sharpe,cagr_pct,max_dd_pct,n_stocks,sub_periods,id,family,rules,hold
57668,-0.013,49.98,-1.521,0.0640943584126482,-0.371,-9.11,-68.68,130,"{'2014-2017': -0.053, '2018-2021': -0.199, '2022-2024': -0.896}",H0000,A_single,"[('rsi_2', '<', 5)]",1
50031,0.0257,51.18,2.114,0.017277409442997074,0.474,10.02,-66.11,130,"{'2014-2017': 0.452, '2018-2021': 0.734, '2022-2024': 0.281}",H0001,A_single,"[('rsi_2', '<', 5)]",2
43794,0.0878,51.6,5.533,1.584295589074047e-08,0.815,25.39,-71.76,130,"{'2014-2017': 0.888, '2018-2021': 0.968, '2022-2024': 0.586}",H0002,A_single,"[('rsi_2', '<', 5)]",3
61583,-0.0148,50.01,-1.797,0.03618720430135514,-0.464,-10.46,-71.78,130,"{'2014-2017': -0.338, '2018-2021': -0.16, '2022-2024': -1.013}",H0003,A_single,"[('rsi_2', '<', 10)]",1
52828,0.0231,51.26,1.956,0.025252941272805345,0.496,10.57,-61.53,130,"{'2014-2017': 0.341, '2018-2021': 0.867, '2022-2024': 0.286}",H0004,A_single,"[('rsi_2', '<', 10)]",2
45906,0.0824,51.65,5.369,3.983200823178156e-08,0.829,25.66,-75.76,130,"{'2014-2017': 0.848, '2018-2021': 0.981, '2022-2024': 0.689}",H0005,A_single,"[('rsi_2', '<', 10)]",3
65671,-0.0108,49.96,-1.36,0.08693974181307293,-0.416,-9.51,-68.74,130,"{'2014-2017': -0.266, '2018-2021': -0.096, '2022-2024': -1.067}",H0006,A_single,"[('rsi_2', '<', 15)]",1
55783,0.0228,51.23,1.992,0.023176832943218244,0.445,8.95,-61.31,130,"{'2014-2017': 0.34, '2018-2021': 0.776, '2022-2024': 0.178}",H0007,A_single,"[('rsi_2', '<', 15)]",2
48055,0.0761,51.58,5.114,1.5794253998326218e-07,0.735,21.47,-76.51,130,"{'2014-2017': 0.803, '2018-2021': 0.994, '2022-2024': 0.333}",H0008,A_single,"[('rsi_2', '<', 15)]",3
70043,-0.01,49.9,-1.305,0.09589528916804717,-0.51,-11.78,-76.15,130,"{'2014-2017': -0.391, '2018-2021': -0.323, '2022-2024': -0.98}",H0009,A_single,"[('rsi_2', '<', 20)]",1
58845,0.0271,51.23,2.435,0.007439343013873004,0.408,7.78,-65.99,130,"{'2014-2017': 0.229, '2018-2021': 0.629, '2022-2024': 0.375}",H0010,A_single,"[('rsi_2', '<', 20)]",2
50313,0.0774,51.69,5.351,4.387661220754452e-08,0.839,25.6,-77.74,130,"{'2014-2017': 0.977, '2018-2021': 1.017, '2022-2024': 0.498}",H0011,A_single,"[('rsi_2', '<', 20)]",3
36544,-0.0065,50.15,-0.628,0.2649783849328371,0.013,-2.32,-71.66,130,"{'2014-2017': 0.099, '2018-2021': -0.023, '2022-2024': 0.051}",H0012,A_single,"[('rsi_3', '<', 10)]",1
30688,0.0488,51.14,3.131,0.0008706110232980243,0.329,5.44,-79.38,130,"{'2014-2017': 0.271, '2018-2021': 0.212, '2022-2024': 0.582}",H0013,A_single,"[('rsi_3', '<', 10)]",2
28224,0.0872,52.08,4.364,6.400295611210534e-06,0.638,17.99,-84.14,130,"{'2014-2017': 0.671, '2018-2021': 0.421, '2022-2024': 0.832}",H0014,A_single,"[('rsi_3', '<', 10)]",3
43049,-0.0206,49.9,-2.172,0.01492328984451845,-0.09,-4.26,-70.12,130,"{'2014-2017': -0.198, '2018-2021': 0.064, '2022-2024': -0.209}",H0015,A_single,"[('rsi_3', '<', 15)]",1
35524,0.0375,50.98,2.598,0.004689599285555203,0.149,-0.03,-80.39,130,"{'2014-2017': 0.058, '2018-2021': 0.148, '2022-2024': 0.26}",H0016,A_single,"[('rsi_3', '<', 15)]",2
32198,0.0702,51.94,3.79,7.552327733914557e-05,0.61,16.25,-76.91,130,"{'2014-2017': 0.318, '2018-2021': 0.515, '2022-2024': 1.003}",H0017,A_single,"[('rsi_3', '<', 15)]",3
50009,-0.025,49.98,-2.828,0.002345893138474334,-0.355,-9.96,-76.67,130,"{'2014-2017': -0.641, '2018-2021': -0.168, '2022-2024': -0.473}",H0018,A_single,"[('rsi_3', '<', 20)]",1
40464,0.0502,51.47,3.684,0.0001150607506226188,0.18,0.88,-79.82,130,"{'2014-2017': 0.211, '2018-2021': 0.304, '2022-2024': -0.043}",H0019,A_single,"[('rsi_3', '<', 20)]",2
36250,0.0838,52.25,4.804,7.817681160962767e-07,0.616,16.57,-74.94,130,"{'2014-2017': 0.596, '2018-2021': 0.541, '2022-2024': 0.658}",H0020,A_single,"[('rsi_3', '<', 20)]",3
57581,-0.0277,49.98,-3.35,0.00040374131148970935,-0.391,-10.36,-77.74,130,"{'2014-2017': -0.797, '2018-2021': -0.167, '2022-2024': -0.471}",H0021,A_single,"[('rsi_3', '<', 25)]",1
45466,0.0404,51.41,3.138,0.0008504660119898085,0.239,2.68,-77.97,130,"{'2014-2017': 0.388, '2018-2021': 0.307, '2022-2024': 0.014}",H0022,A_single,"[('rsi_3', '<', 25)]",2
40241,0.0749,52.14,4.531,2.947796666707791e-06,0.547,13.55,-75.42,130,"{'2014-2017': 0.697, '2018-2021': 0.424, '2022-2024': 0.51}",H0023,A_single,"[('rsi_3', '<', 25)]",3
35063,0.0552,50.99,5.144,1.3507063796457646e-07,0.252,3.15,-41.19,130,"{'2014-2017': -0.189, '2018-2021': 1.066, '2022-2024': -0.716}",H0024,A_single,"[('ibs', '<', 0.1)]",1
31918,0.1446,52.9,9.417,2.4760275416859368e-21,0.596,14.06,-50.99,130,"{'2014-2017': 0.249, '2018-2021': 1.332, '2022-2024': -0.207}",H0025,A_single,"[('ibs', '<', 0.1)]",2
29205,0.1966,53.69,10.042,5.429355114021789e-24,0.718,21.48,-68.36,130,"{'2014-2017': 0.407, '2018-2021': 1.319, '2022-2024': 0.077}",H0026,A_single,"[('ibs', '<', 0.1)]",3
48746,0.0334,50.69,3.681,0.00011611727777281452,-0.13,-7.09,-75.41,130,"{'2014-2017': -0.462, '2018-2021': 0.248, '2022-2024': -0.737}",H0027,A_single,"[('ibs', '<', 0.15)]",1
42839,0.123,52.38,9.406,2.6878275384977236e-21,0.379,6.87,-64.98,130,"{'2014-2017': 0.204, '2018-2021': 0.805, '2022-2024': -0.132}",H0028,A_single,"[('ibs', '<', 0.15)]",2
38228,0.1649,53.21,9.674,2.0661612165080877e-22,0.525,12.85,-78.22,130,"{'2014-2017': 0.286, '2018-2021': 0.776, '2022-2024': 0.353}",H0029,A_single,"[('ibs', '<', 0.15)]",3
61055,0.016,50.31,1.992,0.023180641236966434,-0.111,-5.83,-69.22,130,"{'2014-2017': -0.556, '2018-2021': 0.311, '2022-2024': -0.606}",H0030,A_single,"[('ibs', '<', 0.2)]",1
52081,0.0951,52.11,8.137,2.062333965167012e-16,0.419,8.17,-62.5,130,"{'2014-2017': -0.046, '2018-2021': 0.864, '2022-2024': 0.19}",H0031,A_single,"[('ibs', '<', 0.2)]",2
45471,0.1519,52.94,9.779,7.328656186068707e-23,0.722,20.95,-78.72,130,"{'2014-2017': 0.816, '2018-2021': 0.869, '2022-2024': 0.46}",H0032,A_single,"[('ibs', '<', 0.2)]",3
72172,0.0095,50.12,1.293,0.09804021605486984,0.064,-0.99,-50.93,130,"{'2014-2017': -0.121, '2018-2021': 0.532, '2022-2024': -0.544}",H0033,A_single,"[('ibs', '<', 0.25)]",1
60049,0.0746,51.83,6.868,3.285689143910617e-12,0.493,10.42,-61.84,130,"{'2014-2017': 0.386, '2018-2021': 0.789, '2022-2024': 0.299}",H0034,A_single,"[('ibs', '<', 0.25)]",2
51489,0.1293,52.71,8.984,1.3458565377683855e-19,0.808,24.39,-66.48,130,"{'2014-2017': 0.958, '2018-2021': 1.142, '2022-2024': 0.31}",H0035,A_single,"[('ibs', '<', 0.25)]",3
1013,-0.1521,47.98,-2.068,0.019454641040673046,-0.344,-5.22,-54.56,130,"{'2014-2017': -0.447, '2018-2021': -0.136, '2022-2024': -0.571}",H0036,A_single,"[('bb_z_20', '<', -3.0)]",1
987,-0.2582,51.37,-2.542,0.005582747464540815,-0.287,-5.99,-68.7,130,"{'2014-2017': 0.566, '2018-2021': -0.625, '2022-2024': -0.745}",H0037,A_single,"[('bb_z_20', '<', -3.0)]",2
983,-0.0336,51.58,-0.291,0.3856945167730394,-0.164,-5.11,-74.96,130,"{'2014-2017': 0.733, '2018-2021': -0.443, '2022-2024': -0.653}",H0038,A_single,"[('bb_z_20', '<', -3.0)]",3
3956,0.046,49.92,1.192,0.11669200700337587,-0.784,-15.46,-86.17,130,"{'2014-2017': -1.134, '2018-2021': -0.533, '2022-2024': -0.854}",H0039,A_single,"[('bb_z_20', '<', -2.5)]",1
3595,-0.0152,51.91,-0.284,0.388338920621048,-0.607,-16.48,-90.41,130,"{'2014-2017': -0.53, '2018-2021': -0.902, '2022-2024': -0.533}",H0040,A_single,"[('bb_z_20', '<', -2.5)]",2
3433,0.0177,52.4,0.27,0.39346009988432085,-0.25,-10.87,-88.89,130,"{'2014-2017': -0.08, '2018-2021': -0.533, '2022-2024': -0.254}",H0041,A_single,"[('bb_z_20', '<', -2.5)]",3
11670,0.047,50.81,1.983,0.023701169766707945,-0.704,-16.78,-89.19,130,"{'2014-2017': -0.539, '2018-2021': -0.817, '2022-2024': -0.783}",H0042,A_single,"[('bb_z_20', '<', -2.0)]",1
9679,-0.0475,51.9,-1.486,0.06859297379866057,-0.538,-17.78,-93.66,130,"{'2014-2017': -0.588, '2018-2021': -0.618, '2022-2024': -0.486}",H0043,A_single,"[('bb_z_20', '<', -2.0)]",2
8561,-0.0247,52.25,-0.581,0.2804684311753156,-0.069,-8.0,-84.85,130,"{'2014-2017': 0.29, '2018-2021': -0.444, '2022-2024': -0.11}",H0044,A_single,"[('bb_z_20', '<', -2.0)]",3
25530,-0.0415,50.65,-2.791,0.002627448914510349,-0.362,-10.17,-81.54,130,"{'2014-2017': -0.441, '2018-2021': -0.279, '2022-2024': -0.559}",H0045,A_single,"[('bb_z_20', '<', -1.5)]",1
19747,-0.0001,51.66,-0.006,0.49774314195478586,0.064,-2.95,-84.76,130,"{'2014-2017': -0.415, '2018-2021': 0.251, '2022-2024': 0.093}",H0046,A_single,"[('bb_z_20', '<', -1.5)]",2
16630,0.0227,52.3,0.756,0.2249484764413282,0.511,13.35,-89.2,130,"{'2014-2017': 0.513, '2018-2021': 0.439, '2022-2024': 0.445}",H0047,A_single,"[('bb_z_20', '<', -1.5)]",3
1873,0.1388,50.93,1.493,0.06784050131133638,-0.192,-7.43,-72.67,69,"{'2014-2017': -0.122, '2018-2021': 0.284, '2022-2024': -0.959}",H0048,A_single,"[('sma_dev_atr', '<', -2.0)]",1
1439,0.2416,51.84,1.826,0.03405729292446783,0.236,2.37,-65.87,69,"{'2014-2017': 0.419, '2018-2021': 0.395, '2022-2024': -0.146}",H0049,A_single,"[('sma_dev_atr', '<', -2.0)]",2
1183,0.2594,52.58,1.456,0.07277319303592304,0.395,8.13,-70.77,69,"{'2014-2017': 0.483, '2018-2021': 0.563, '2022-2024': -0.049}",H0050,A_single,"[('sma_dev_atr', '<', -2.0)]",3
3423,0.1432,51.91,2.327,0.009999655988064312,0.123,-0.13,-52.17,93,"{'2014-2017': 0.136, '2018-2021': 0.406, '2022-2024': -0.481}",H0051,A_single,"[('sma_dev_atr', '<', -1.5)]",1
2558,0.2125,52.7,2.352,0.009369070332455636,0.181,0.17,-68.16,93,"{'2014-2017': -0.157, '2018-2021': 0.813, '2022-2024': -0.596}",H0052,A_single,"[('sma_dev_atr', '<', -1.5)]",2
2109,0.2845,53.3,2.296,0.010900299395801722,0.581,16.11,-70.09,93,"{'2014-2017': 0.586, '2018-2021': 0.895, '2022-2024': -0.038}",H0053,A_single,"[('sma_dev_atr', '<', -1.5)]",3
6225,0.0527,51.08,1.169,0.12115915336320258,0.033,-3.85,-78.1,115,"{'2014-2017': 0.469, '2018-2021': 0.012, '2022-2024': -0.87}",H0054,A_single,"[('sma_dev_atr', '<', -1.0)]",1
4584,0.0943,51.85,1.503,0.06647732065320139,0.033,-5.45,-76.48,115,"{'2014-2017': -0.461, '2018-2021': 0.719, '2022-2024': -0.422}",H0055,A_single,"[('sma_dev_atr', '<', -1.0)]",2
3745,0.1919,51.86,2.142,0.01613323280233712,0.316,4.03,-84.26,115,"{'2014-2017': 0.342, '2018-2021': 0.433, '2022-2024': -0.104}",H0056,A_single,"[('sma_dev_atr', '<', -1.0)]",3
8917,-0.0199,50.31,-0.55,0.2911594932288864,-0.036,-5.89,-70.88,120,"{'2014-2017': 0.138, '2018-2021': 0.228, '2022-2024': -0.921}",H0057,A_single,"[('sma_dev_atr', '<', -0.75)]",1
6545,0.0926,52.18,1.897,0.028958288776990256,0.39,7.98,-69.76,120,"{'2014-2017': 0.249, '2018-2021': 0.637, '2022-2024': 0.192}",H0058,A_single,"[('sma_dev_atr', '<', -0.75)]",2
5345,0.1516,53.21,2.173,0.014913674683431107,0.502,13.34,-78.06,120,"{'2014-2017': 0.432, '2018-2021': 0.67, '2022-2024': 0.105}",H0059,A_single,"[('sma_dev_atr', '<', -0.75)]",3
150719,-0.0495,48.55,-10.765,2.57224438370165e-27,-0.649,-13.1,-80.83,130,"{'2014-2017': -0.89, '2018-2021': -0.236, '2022-2024': -1.205}",H0060,A_single,"[('williams_r', '<', -95)]",1
101441,0.0167,51.12,2.207,0.013659404350831806,0.054,-2.11,-74.32,130,"{'2014-2017': -0.22, '2018-2021': 0.497, '2022-2024': -0.48}",H0061,A_single,"[('williams_r', '<', -95)]",2
76707,0.0821,52.0,7.382,7.847397451720159e-14,0.507,12.04,-72.97,130,"{'2014-2017': 0.451, '2018-2021': 0.896, '2022-2024': -0.124}",H0062,A_single,"[('williams_r', '<', -95)]",3
153087,-0.0457,48.68,-9.926,1.633922191801433e-23,-0.532,-11.25,-74.6,130,"{'2014-2017': -0.793, '2018-2021': -0.139, '2022-2024': -1.046}",H0063,A_single,"[('williams_r', '<', -90)]",1
102979,0.0247,51.22,3.28,0.000520053650187325,0.173,1.01,-69.13,130,"{'2014-2017': 0.086, '2018-2021': 0.495, '2022-2024': -0.496}",H0064,A_single,"[('williams_r', '<', -90)]",2
77839,0.0799,52.07,7.221,2.6034585033217075e-13,0.557,13.84,-71.95,130,"{'2014-2017': 0.741, '2018-2021': 0.921, '2022-2024': -0.171}",H0065,A_single,"[('williams_r', '<', -90)]",3
155234,-0.0443,48.69,-9.621,3.321512097655956e-22,-0.464,-10.22,-71.52,130,"{'2014-2017': -0.713, '2018-2021': -0.056, '2022-2024': -1.042}",H0066,A_single,"[('williams_r', '<', -85)]",1
104400,0.0313,51.37,4.164,1.5649318939562595e-05,0.342,5.74,-62.68,130,"{'2014-2017': 0.384, '2018-2021': 0.66, '2022-2024': -0.444}",H0067,A_single,"[('williams_r', '<', -85)]",2
78881,0.0895,52.16,8.07,3.569740191627007e-16,0.662,18.1,-73.83,130,"{'2014-2017': 0.858, '2018-2021': 0.869, '2022-2024': 0.096}",H0068,A_single,"[('williams_r', '<', -85)]",3
157247,-0.0439,48.7,-9.548,6.679832495807674e-22,-0.479,-10.47,-75.01,130,"{'2014-2017': -0.878, '2018-2021': -0.128, '2022-2024': -1.032}",H0069,A_single,"[('williams_r', '<', -80)]",1
105663,0.0333,51.38,4.41,5.184382481089451e-06,0.505,10.68,-61.52,130,"{'2014-2017': 0.645, '2018-2021': 0.741, '2022-2024': -0.336}",H0070,A_single,"[('williams_r', '<', -80)]",2
79800,0.0944,52.12,8.502,9.449499589451987e-18,0.764,22.84,-72.46,130,"{'2014-2017': 1.069, '2018-2021': 0.73, '2022-2024': 0.267}",H0071,A_single,"[('williams_r', '<', -80)]",3
150719,-0.0495,48.55,-10.765,2.57224438370165e-27,-0.649,-13.1,-80.83,130,"{'2014-2017': -0.89, '2018-2021': -0.236, '2022-2024': -1.205}",H0072,A_single,"[('stoch_k', '<', 5)]",1
101441,0.0167,51.12,2.207,0.013659404350831806,0.054,-2.11,-74.32,130,"{'2014-2017': -0.22, '2018-2021': 0.497, '2022-2024': -0.48}",H0073,A_single,"[('stoch_k', '<', 5)]",2
76707,0.0821,52.0,7.382,7.847397451720159e-14,0.507,12.04,-72.97,130,"{'2014-2017': 0.451, '2018-2021': 0.896, '2022-2024': -0.124}",H0074,A_single,"[('stoch_k', '<', 5)]",3
153087,-0.0457,48.68,-9.926,1.633922191801433e-23,-0.532,-11.25,-74.6,130,"{'2014-2017': -0.793, '2018-2021': -0.139, '2022-2024': -1.046}",H0075,A_single,"[('stoch_k', '<', 10)]",1
102979,0.0247,51.22,3.28,0.000520053650187325,0.173,1.01,-69.13,130,"{'2014-2017': 0.086, '2018-2021': 0.495, '2022-2024': -0.496}",H0076,A_single,"[('stoch_k', '<', 10)]",2
77839,0.0799,52.07,7.221,2.6034585033217075e-13,0.557,13.84,-71.95,130,"{'2014-2017': 0.741, '2018-2021': 0.921, '2022-2024': -0.171}",H0077,A_single,"[('stoch_k', '<', 10)]",3
155234,-0.0443,48.69,-9.621,3.321512097655956e-22,-0.464,-10.22,-71.52,130,"{'2014-2017': -0.713, '2018-2021': -0.056, '2022-2024': -1.042}",H0078,A_single,"[('stoch_k', '<', 15)]",1
104400,0.0313,51.37,4.164,1.5649318939562595e-05,0.342,5.74,-62.68,130,"{'2014-2017': 0.384, '2018-2021': 0.66, '2022-2024': -0.444}",H0079,A_single,"[('stoch_k', '<', 15)]",2
78881,0.0895,52.16,8.07,3.569740191627007e-16,0.662,18.1,-73.83,130,"{'2014-2017': 0.858, '2018-2021': 0.869, '2022-2024': 0.096}",H0080,A_single,"[('stoch_k', '<', 15)]",3
157247,-0.0439,48.7,-9.548,6.679832495807674e-22,-0.479,-10.47,-75.01,130,"{'2014-2017': -0.878, '2018-2021': -0.128, '2022-2024': -1.032}",H0081,A_single,"[('stoch_k', '<', 20)]",1
105663,0.0333,51.38,4.41,5.184382481089451e-06,0.505,10.68,-61.52,130,"{'2014-2017': 0.645, '2018-2021': 0.741, '2022-2024': -0.336}",H0082,A_single,"[('stoch_k', '<', 20)]",2
79800,0.0944,52.12,8.502,9.449499589451987e-18,0.764,22.84,-72.46,130,"{'2014-2017': 1.069, '2018-2021': 0.73, '2022-2024': 0.267}",H0083,A_single,"[('stoch_k', '<', 20)]",3
6132,0.0501,49.95,1.654,0.049096942719835515,-0.624,-14.56,-84.33,130,"{'2014-2017': -0.259, '2018-2021': -0.408, '2022-2024': -1.333}",H0084,A_single,"[('cci', '<', -200)]",1
5079,0.0409,51.78,0.934,0.17519791219201478,-0.251,-9.69,-81.24,130,"{'2014-2017': -0.26, '2018-2021': -0.123, '2022-2024': -0.537}",H0085,A_single,"[('cci', '<', -200)]",2
4655,0.1209,52.59,2.174,0.014880153321503869,-0.245,-11.95,-88.84,130,"{'2014-2017': 0.097, '2018-2021': -0.253, '2022-2024': -0.806}",H0086,A_single,"[('cci', '<', -200)]",3
16270,0.0204,50.34,1.068,0.14284656508655516,-0.692,-17.29,-90.34,130,"{'2014-2017': -0.729, '2018-2021': -0.728, '2022-2024': -0.809}",H0087,A_single,"[('cci', '<', -150)]",1
12869,-0.0308,51.17,-1.171,0.12088745901702155,-0.251,-11.98,-88.96,130,"{'2014-2017': -0.648, '2018-2021': -0.231, '2022-2024': -0.114}",H0088,A_single,"[('cci', '<', -150)]",2
11054,0.003,52.1,0.083,0.4670893517680943,0.023,-6.79,-86.73,130,"{'2014-2017': 0.181, '2018-2021': 0.008, '2022-2024': -0.481}",H0089,A_single,"[('cci', '<', -150)]",3
35326,-0.0337,50.59,-2.727,0.0032007093672349126,-0.214,-6.6,-73.04,130,"{'2014-2017': -0.419, '2018-2021': -0.078, '2022-2024': -0.425}",H0090,A_single,"[('cci', '<', -100)]",1
26290,0.0114,51.89,0.626,0.2657681901487482,0.151,0.13,-70.78,130,"{'2014-2017': 0.255, '2018-2021': 0.13, '2022-2024': -0.104}",H0091,A_single,"[('cci', '<', -100)]",2
21666,0.0762,52.53,2.986,0.0014151546284622838,0.718,22.07,-79.72,130,"{'2014-2017': 1.08, '2018-2021': 0.589, '2022-2024': 0.338}",H0092,A_single,"[('cci', '<', -100)]",3
47275,-0.0254,50.54,-2.448,0.007184306916068082,-0.278,-7.48,-64.46,130,"{'2014-2017': -0.184, '2018-2021': 0.019, '2022-2024': -0.977}",H0093,A_single,"[('cci', '<', -75)]",1
34455,0.0281,51.93,1.803,0.03565945540469123,0.254,3.22,-65.0,130,"{'2014-2017': 0.142, '2018-2021': 0.646, '2022-2024': -0.4}",H0094,A_single,"[('cci', '<', -75)]",2
27820,0.1066,52.64,4.745,1.0482131465964997e-06,0.67,19.64,-72.92,130,"{'2014-2017': 1.061, '2018-2021': 0.791, '2022-2024': -0.21}",H0095,A_single,"[('cci', '<', -75)]",3
21972,0.0133,50.64,0.935,0.1750089510955683,-0.128,-7.58,-79.82,130,"{'2014-2017': -0.395, '2018-2021': 0.165, '2022-2024': -0.583}",H0096,A_composite,"[('ibs', '<', 0.15), ('rsi_3', '<', 25)]",1
19840,0.1403,52.81,6.818,4.762296565636171e-12,0.296,4.02,-79.4,130,"{'2014-2017': -0.011, '2018-2021': 0.59, '2022-2024': 0.104}",H0097,A_composite,"[('ibs', '<', 0.15), ('rsi_3', '<', 25)]",2
18732,0.1681,53.33,6.567,2.6378190240599478e-11,0.487,11.23,-89.15,130,"{'2014-2017': 0.373, '2018-2021': 0.553, '2022-2024': 0.413}",H0098,A_composite,"[('ibs', '<', 0.15), ('rsi_3', '<', 25)]",3
30378,0.0024,50.43,0.197,0.42183765388221484,0.013,-3.49,-73.27,130,"{'2014-2017': -0.263, '2018-2021': 0.429, '2022-2024': -0.473}",H0099,A_composite,"[('ibs', '<', 0.2), ('rsi_3', '<', 30)]",1
26724,0.113,52.59,6.484,4.5440562968699274e-11,0.229,1.89,-80.56,130,"{'2014-2017': -0.401, '2018-2021': 0.774, '2022-2024': -0.045}",H0100,A_composite,"[('ibs', '<', 0.2), ('rsi_3', '<', 30)]",2
24771,0.1731,53.29,7.778,3.841536084298018e-15,0.539,13.44,-86.08,130,"{'2014-2017': 0.274, '2018-2021': 0.658, '2022-2024': 0.573}",H0101,A_composite,"[('ibs', '<', 0.2), ('rsi_3', '<', 30)]",3
38834,-0.0032,50.36,-0.299,0.3825209899666051,0.172,1.22,-59.36,130,"{'2014-2017': -0.062, '2018-2021': 0.661, '2022-2024': -0.281}",H0102,A_composite,"[('ibs', '<', 0.25), ('rsi_3', '<', 35)]",1
33366,0.0922,52.32,5.993,1.037617053455436e-09,0.516,11.52,-63.37,130,"{'2014-2017': 0.016, '2018-2021': 0.795, '2022-2024': 0.584}",H0103,A_composite,"[('ibs', '<', 0.25), ('rsi_3', '<', 35)]",2
30420,0.1504,53.22,7.619,1.311403440181038e-14,0.874,28.39,-70.39,130,"{'2014-2017': 0.546, '2018-2021': 1.035, '2022-2024': 0.973}",H0104,A_composite,"[('ibs', '<', 0.25), ('rsi_3', '<', 35)]",3
11410,0.044,50.84,1.842,0.03274892154509682,-0.706,-16.84,-89.7,130,"{'2014-2017': -0.577, '2018-2021': -0.884, '2022-2024': -0.653}",H0105,A_composite,"[('bb_z_20', '<', -2.0), ('rsi_3', '<', 35)]",1
9440,-0.0336,52.03,-1.034,0.15068098858169499,-0.441,-15.34,-90.94,130,"{'2014-2017': -0.446, '2018-2021': -0.569, '2022-2024': -0.352}",H0106,A_composite,"[('bb_z_20', '<', -2.0), ('rsi_3', '<', 35)]",2
8437,-0.017,52.36,-0.396,0.3458777347945896,-0.018,-6.28,-82.87,130,"{'2014-2017': 0.266, '2018-2021': -0.293, '2022-2024': -0.132}",H0107,A_composite,"[('bb_z_20', '<', -2.0), ('rsi_3', '<', 35)]",3
3878,0.0273,49.51,0.702,0.24131072343221072,-0.785,-15.46,-86.48,130,"{'2014-2017': -1.183, '2018-2021': -0.486, '2022-2024': -0.879}",H0108,A_composite,"[('bb_z_20', '<', -2.5), ('rsi_3', '<', 30)]",1
3525,-0.0285,51.66,-0.526,0.29929906130222844,-0.635,-16.81,-91.55,130,"{'2014-2017': -0.394, '2018-2021': -0.999, '2022-2024': -0.644}",H0109,A_composite,"[('bb_z_20', '<', -2.5), ('rsi_3', '<', 30)]",2
3380,0.0131,52.28,0.199,0.42117736491618646,-0.273,-11.49,-88.97,130,"{'2014-2017': 0.014, '2018-2021': -0.554, '2022-2024': -0.396}",H0110,A_composite,"[('bb_z_20', '<', -2.5), ('rsi_3', '<', 30)]",3
2780,0.0827,51.44,1.261,0.10375970952284908,-0.092,-5.38,-60.64,93,"{'2014-2017': -0.25, '2018-2021': 0.058, '2022-2024': -0.248}",H0111,A_composite,"[('sma_dev_atr', '<', -1.5), ('rsi_3', '<', 35)]",1
2120,0.1683,52.59,1.689,0.04572662569905524,0.138,-0.92,-73.42,93,"{'2014-2017': -0.156, '2018-2021': 0.46, '2022-2024': -0.243}",H0112,A_composite,"[('sma_dev_atr', '<', -1.5), ('rsi_3', '<', 35)]",2
1816,0.0307,52.53,0.237,0.4062823434952448,0.297,4.08,-79.08,93,"{'2014-2017': -0.031, '2018-2021': 0.381, '2022-2024': 0.291}",H0113,A_composite,"[('sma_dev_atr', '<', -1.5), ('rsi_3', '<', 35)]",3
12986,0.0881,51.79,3.479,0.00025255408017502915,0.291,3.99,-84.42,130,"{'2014-2017': -0.582, '2018-2021': 0.3, '2022-2024': 1.065}",H0114,A_composite,"[('down_days', '>=', 3), ('ibs', '<', 0.25)]",2
12532,0.1253,52.63,3.955,3.8549590226270093e-05,0.583,15.79,-70.66,130,"{'2014-2017': -0.035, '2018-2021': 0.793, '2022-2024': 0.787}",H0115,A_composite,"[('down_days', '>=', 3), ('ibs', '<', 0.25)]",3
6732,0.1548,52.29,4.268,1.0019063220653508e-05,0.474,10.15,-58.58,130,"{'2014-2017': -0.24, '2018-2021': 0.908, '2022-2024': 0.348}",H0116,A_composite,"[('down_days', '>=', 4), ('ibs', '<', 0.3)]",2
6481,0.2848,53.43,6.419,7.34103815039518e-11,0.779,24.92,-68.96,130,"{'2014-2017': 0.124, '2018-2021': 1.241, '2022-2024': 0.558}",H0117,A_composite,"[('down_days', '>=', 4), ('ibs', '<', 0.3)]",3
3223,0.422,55.29,7.998,8.762108103352794e-16,0.528,10.72,-47.91,130,"{'2014-2017': 0.098, '2018-2021': 1.155, '2022-2024': 0.03}",H0118,A_composite,"[('down_days', '>=', 5), ('ibs', '<', 0.3)]",2
3109,0.4049,54.62,6.179,3.6389499131346347e-10,0.644,17.56,-59.7,130,"{'2014-2017': 0.821, '2018-2021': 0.942, '2022-2024': -0.226}",H0119,A_composite,"[('down_days', '>=', 5), ('ibs', '<', 0.3)]",3
2591,0.1067,53.65,1.463,0.0718074005938246,0.136,-0.08,-69.41,130,"{'2014-2017': 0.668, '2018-2021': -0.125, '2022-2024': -0.131}",H0120,A_composite,"[('mfi', '<', 20), ('rsi_3', '<', 35)]",2
2325,0.0958,55.53,1.003,0.15793912480719102,0.267,3.05,-84.61,130,"{'2014-2017': 0.87, '2018-2021': -0.104, '2022-2024': 0.071}",H0121,A_composite,"[('mfi', '<', 20), ('rsi_3', '<', 35)]",3
1003,0.0437,55.43,0.37,0.35569153854385366,-0.236,-7.28,-67.35,130,"{'2014-2017': -0.064, '2018-2021': -0.089, '2022-2024': -0.704}",H0122,A_composite,"[('mfi', '<', 15), ('rsi_3', '<', 30)]",2
913,0.1936,57.06,1.224,0.11063841334866653,0.087,-1.92,-76.84,130,"{'2014-2017': 0.191, '2018-2021': 0.014, '2022-2024': -0.079}",H0123,A_composite,"[('mfi', '<', 15), ('rsi_3', '<', 30)]",3
6635,-0.0043,53.04,-0.093,0.46287345240720934,-0.148,-9.24,-89.93,130,"{'2014-2017': 0.269, '2018-2021': -0.549, '2022-2024': -0.098}",H0124,A_composite,"[('rsi_14', '<', 25), ('rsi_3', '<', 35)]",2
5821,0.0626,53.67,1.106,0.13429535504647258,0.062,-5.2,-92.64,130,"{'2014-2017': 0.302, '2018-2021': -0.133, '2022-2024': -0.073}",H0125,A_composite,"[('rsi_14', '<', 25), ('rsi_3', '<', 35)]",3
